1807,the
1152,and
803,of
789,a
778,to
592,in
574,it
500,he
436,was
434,his
375,scrooge
367,i
366,that
322,with
319,you
256,s
246,as
228,for
221,said
207,had
202,him
200,not
194,have
185,they
184,but
180,on
179,were
175,this
174,at
169,or
164,be
160,is
154,all
153,by
140,there
137,its
132,if
128,no
123,so
121,upon
114,one
111,me
109,from
109,t
107,which
103,what
101,their
101,christmas
97,up
95,ghost
93,gutenberg
93,when
92,spirit
87,an
87,project
87,would
85,out
85,my
84,very
83,them
80,are
79,man
79,any
79,who
76,do
74,old
71,been
68,time
67,her
67,good
66,little
65,down
65,could
62,your
61,like
60,before
60,about
60,know
59,into
58,more
57,tm
56,work
56,she
56,cried
56,now
53,bob
53,will
50,see
50,other
49,did
49,own
49,again
47,himself
46,how
46,1
46,such
46,am
46,came
45,door
45,we
44,than
44,went
43,then
43,made
43,every
43,hand
43,day
42,can
42,don
42,here
41,head
41,some
40,might
39,never
39,why
39,where
38,much
38,through
37,cratchit
37,these
37,may
37,great
37,come
37,merry
37,marley
36,last
36,being
36,two
35,night
35,hands
35,nothing
35,another
35,fire
35,light
35,first
34,round
34,nephew
34,off
33,say
33,room
33,us
33,works
33,though
32,ever
32,must
32,looked
32,face
31,people
31,too
31,boy
31,life
30,long
30,way
30,cold
30,should
30,has
30,house
30,poor
29,thought
29,mrs
28,many
28,eyes
28,returned
28,without
28,back
27,full
27,tim
27,heart
27,only
27,electronic
27,young
27,bed
26,half
26,done
26,dear
26,place
26,quite
26,home
25,tiny
25,foundation
25,think
25,voice
25,child
25,well
25,woman
25,business
24,ha
24,let
24,make
24,yet
24,same
24,away
24,sat
23,e
23,saw
23,after
23,enough
22,knew
22,put
22,stood
21,asked
21,terms
21,dark
21,children
21,look
21,looking
21,three
20,oh
20,past
20,got
20,give
20,ll
20,mind
20,moment
20,even
20,anything
20,left
19,spirits
19,uncle
19,men
19,yes
19,hope
19,kind
19,our
19,fezziwig
19,towards
19,go
19,peter
18,dead
18,replied
18,most
18,hear
18,year
18,over
18,until
18,air
18,set
18,gentleman
18,open
18,always
18,forth
18,agreement
18,while
18,joe
18,right
18,believe
17,once
17,laughed
17,still
17,behind
17,shall
17,told
16,new
16,window
16,passed
16,keep
16,jacob
16,father
16,bless
16,mr
16,those
16,coming
16,world
16,clerk
16,license
16,heard
16,hour
16,observed
16,better
16,each
16,indeed
16,years
16,tell
16,sir
16,among
15,phantom
15,states
15,whole
15,things
15,donations
15,exclaimed
15,master
15,walked
15,use
15,copyright
15,pointed
15,next
15,word
15,bell
15,live
15,god
14,going
14,appeared
14,cratchits
14,family
14,turned
14,carol
14,seemed
14,free
14,re
14,name
14,having
14,happy
14,part
14,just
14,end
14,something
14,alone
13,literary
13,help
13,city
13,org
13,within
13,copy
13,sure
13,happened
13,felt
13,laugh
13,used
13,because
13,together
13,below
13,streets
13,niece
13,days
13,often
13,archive
13,seen
13,fellow
13,under
13,walk
13,self
13,girl
12,curtains
12,high
12,wish
12,state
12,tried
12,heavy
12,called
12,found
12,show
12,took
12,eye
12,d
12,stopped
12,spectre
12,death
12,find
12,thing
12,spoke
12,everything
12,dinner
12,3
11,cannot
11,hard
11,bright
11,company
11,office
11,second
11,ebook
11,scarcely
11,fell
11,present
11,em
11,suppose
11,united
11,clear
11,known
11,purpose
11,against
11,clock
11,table
11,trademark
11,paragraph
11,wouldn
11,words
11,dickens
11,held
11,seven
11,mother
11,whom
11,future
11,beside
11,rather
11,large
11,itself
10,money
10,wall
10,ground
10,street
10,snow
10,martha
10,associated
10,didn
10,refund
10,struck
10,strange
10,perhaps
10,http
10,corner
10,afternoon
10,beyond
10,wife
10,form
10,sound
10,shadows
10,whose
10,chain
10,public
10,take
10,person
10,access
10,nor
10,change
10,f
10,doubt
10,hung
10,church
10,rest
10,became
9,also
9,wonderful
9,means
9,including
9,nobody
9,humbug
9,ready
9,few
9,five
9,straight
9,given
9,power
9,both
9,thoughts
9,water
9,sister
9,weather
9,pudding
9,hallo
9,point
9,robe
9,gone
9,particular
9,small
9,fred
9,answered
9,hot
9,cheerful
9,answer
9,die
9,side
9,else
9,along
9,taking
9,couldn
9,agree
9,sight
9,four
9,black
8,dress
8,shadow
8,laws
8,shut
8,between
8,top
8,received
8,taken
8,warm
8,www
8,charge
8,yard
8,fee
8,inquired
8,boys
8,information
8,bad
8,love
8,morning
8,began
8,finger
8,red
8,turning
8,gave
8,dance
8,town
8,provide
8,deep
8,surprise
8,lay
8,glorious
8,feet
8,legs
8,hair
8,pleasant
8,outside
8,domain
8,arm
8,houses
8,knees
8,goose
8,save
8,white
8,party
8,paid
8,twelve
8,partner
8,copies
8,sitting
8,best
8,bound
8,breath
8,bear
8,far
8,stone
8,pglaf
8,close
7,hearts
7,brought
7,blood
7,nose
7,gentlemen
7,less
7,hearth
7,please
7,knocker
7,provided
7,sometimes
7,friend
7,windows
7,dick
7,permission
7,laughing
7,times
7,shook
7,sorry
7,minutes
7,near
7,former
7,isn
7,remember
7,thinking
7,mist
7,want
7,chair
7,turkey
7,section
7,afraid
7,holly
7,raised
7,heaven
7,darkness
7,soon
7,ebenezer
7,chance
7,perfectly
7,low
7,ebooks
7,although
7,dull
7,remembered
7,entered
7,candle
7,morrow
7,fog
7,strong
7,owner
7,hall
7,m
7,plump
7,wasn
7,above
7,heartily
7,opened
7,met
7,wide
7,distributing
7,length
7,easy
7,course
7,bring
6,trembling
6,counting
6,themselves
6,girls
6,lived
6,clearly
6,online
6,ill
6,sole
6,piece
6,cut
6,pursued
6,shape
6,ask
6,delight
6,arms
6,nearly
6,waistcoat
6,tank
6,certain
6,several
6,lighted
6,book
6,music
6,twenty
6,touch
6,plenty
6,knows
6,distributed
6,frost
6,lamp
6,middle
6,produced
6,iron
6,story
6,forgotten
6,fresh
6,ali
6,baker
6,read
6,true
6,using
6,glanced
6,wind
6,putting
6,short
6,web
6,ghostly
6,followed
6,play
6,torch
6,care
6,8
6,happiness
6,get
6,however
6,wonder
6,running
6,distribution
6,baba
6,fast
6,stairs
6,nature
6,stave
6,dong
6,usual
6,sit
6,parlour
6,especially
6,ruddy
6,chin
6,quarter
6,distribute
6,pleasure
6,game
6,lord
6,comply
6,human
6,stop
6,earth
6,topper
6,changed
6,general
6,anybody
6,body
6,ah
6,brother
6,tax
6,floor
6,beneath
6,mean
6,ding
6,stool
6,medium
6,figure
6,everybody
6,volunteers
5,gown
5,jovial
5,comforter
5,pair
5,opinion
5,brown
5,blind
5,situation
5,support
5,cap
5,o
5,drawn
5,wretched
5,chuckle
5,dozen
5,ago
5,shown
5,reason
5,limited
5,hundreds
5,buy
5,c
5,anyone
5,lie
5,touched
5,carried
5,obliged
5,soul
5,rooms
5,really
5,grave
5,instant
5,fortune
5,faces
5,conduct
5,possible
5,idea
5,animal
5,trembled
5,baby
5,bones
5,quiet
5,finding
5,posted
5,making
5,hide
5,horror
5,plain
5,truth
5,bare
5,alive
5,humour
5,speak
5,faded
5,bundle
5,holding
5,getting
5,lead
5,instead
5,dilber
5,except
5,greater
5,ears
5,writing
5,meaning
5,calling
5,almost
5,wear
5,compliance
5,green
5,rich
5,matter
5,country
5,cost
5,thus
5,freely
5,loved
5,prepared
5,rose
5,copying
5,scene
5,shops
5,friends
5,garment
5,shaking
5,dismal
5,parting
5,likely
5,noise
5,explanation
5,fifty
5,standing
5,characters
5,kissed
5,repeated
5,winter
5,evening
5,expression
5,monstrous
5,spoken
5,ancient
5,pretty
5,laid
5,unless
5,clasped
5,case
5,either
5,joined
5,mouth
5,closed
5,impossible
5,further
5,busy
5,mere
5,angry
5,court
5,4
5,creature
5,remarkable
5,raise
5,silence
5,dressing
5,replacement
5,chestnuts
5,familiar
5,minute
5,hanging
5,illustration
5,surely
5,sun
5,sea
5,saucepan
5,hold
4,muttered
4,site
4,question
4,slow
4,least
4,whatever
4,tea
4,gold
4,race
4,solitary
4,started
4,caught
4,promised
4,charles
4,fear
4,fat
4,vain
4,5
4,apply
4,neck
4,wore
4,dressed
4,chamber
4,others
4,assure
4,opposite
4,fine
4,comes
4,creating
4,daughters
4,glowing
4,effort
4,liked
4,call
4,additional
4,listened
4,school
4,editions
4,filled
4,obtain
4,immediate
4,handsome
4,breast
4,value
4,conscious
4,walking
4,mine
4,quarters
4,release
4,patient
4,coat
4,dread
4,holder
4,payments
4,voices
4,secret
4,attitude
4,bold
4,creation
4,damages
4,gently
4,bells
4,bye
4,solemn
4,links
4,mission
4,ends
4,broken
4,season
4,melancholy
4,individual
4,ho
4,different
4,sunday
4,yourself
4,recollect
4,died
4,providing
4,keeping
4,older
4,feel
4,beat
4,brothers
4,leave
4,9
4,honest
4,manner
4,vast
4,invisible
4,meet
4,strangest
4,latter
4,born
4,fiddler
4,played
4,influence
4,resumed
4,following
4,marked
4,golden
4,wished
4,thy
4,format
4,daughter
4,spring
4,yesterday
4,horse
4,instantly
4,account
4,twice
4,song
4,tight
4,already
4,nail
4,pipe
4,immediately
4,fair
4,boiled
4,since
4,wrong
4,broke
4,distance
4,collection
4,drew
4,sisters
4,dreadful
4,blaze
4,steady
4,third
4,pen
4,whenever
4,late
4,none
4,stand
4,visible
4,emotion
4,hurried
4,seeing
4,lying
4,seek
4,jug
4,haven
4,spread
4,return
4,favour
4,brightness
4,couple
4,observing
4,feeling
4,fixed
4,expected
4,staring
4,makes
4,misery
4,status
4,locked
4,written
4,requirements
4,whether
4,ceased
4,ran
4,displaying
4,included
4,books
4,crown
4,generous
4,fees
4,cricket
4,potatoes
4,clothes
4,located
4,grew
4,ecstasy
4,won
4,donate
4,perfect
4,phrase
4,reading
4,cause
4,19337
4,six
4,lower
4,till
4,sake
4,sharp
4,turn
4,choked
4,afterwards
4,therefore
4,certainly
4,shop
4,colour
4,wine
4,sort
4,bore
4,gloom
4,road
4,carry
4,across
4,resolved
4,fall
4,contact
4,desire
4,yellow
3,merchant
3,glee
3,transparent
3,health
3,hearty
3,baskets
3,bade
3,bleak
3,derivative
3,chairs
3,sleep
3,pocket
3,moved
3,robin
3,active
3,hob
3,grown
3,week
3,degree
3,connected
3,vigour
3,working
3,count
3,varied
3,applicable
3,understand
3,fifteen
3,loudly
3,sweet
3,supernatural
3,brief
3,weak
3,size
3,yours
3,retorted
3,cast
3,cheek
3,comfort
3,blushed
3,closely
3,roof
3,knowledge
3,comfortable
3,skirts
3,husband
3,advanced
3,smiled
3,shake
3,common
3,tearing
3,crusoe
3,entity
3,performing
3,seem
3,fate
3,fires
3,glazed
3,passion
3,drink
3,gruel
3,terror
3,meat
3,remain
3,trimmed
3,looks
3,complying
3,extinguisher
3,keyhole
3,knocking
3,paragraphs
3,exceedingly
3,user
3,mournful
3,lock
3,hopes
3,creatures
3,double
3,belinda
3,quarrel
3,mortal
3,notwithstanding
3,threw
3,2
3,shed
3,dream
3,pulled
3,belonging
3,ragged
3,presence
3,worldly
3,thick
3,approach
3,addressed
3,somebody
3,deeds
3,eve
3,lesson
3,childish
3,sudden
3,listening
3,laundress
3,event
3,missed
3,giving
3,showed
3,enter
3,whence
3,remove
3,lamps
3,pulse
3,women
3,blessed
3,eat
3,glass
3,appearing
3,chains
3,curiously
3,fervour
3,fish
3,waist
3,members
3,interest
3,george
3,paying
3,surprised
3,joke
3,warmth
3,rapid
3,struggling
3,real
3,regret
3,receive
3,berries
3,walls
3,sending
3,glared
3,growled
3,dine
3,warning
3,oranges
3,boots
3,miss
3,demanded
3,buried
3,possession
3,pause
3,accompanied
3,astonishment
3,williams
3,crossed
3,fragments
3,need
3,view
3,gate
3,vanished
3,starting
3,apart
3,broad
3,efforts
3,promise
3,content
3,handed
3,smell
3,cry
3,coach
3,succeeded
3,lost
3,mercy
3,start
3,tears
3,myself
3,date
3,married
3,breach
3,slight
3,aside
3,pockets
3,viewed
3,belt
3,property
3,paper
3,trouble
3,thoughtful
3,sparkled
3,clustered
3,nearer
3,cleared
3,counter
3,leaves
3,pigtail
3,chimney
3,struggle
3,shadowy
3,withered
3,defect
3,email
3,choose
3,signed
3,inside
3,knock
3,toward
3,nervous
3,pouring
3,offices
3,foreign
3,excuse
3,sought
3,begged
3,meant
3,follow
3,thankee
3,ways
3,hardly
3,mild
3,goes
3,service
3,purposes
3,shared
3,christian
3,deuce
3,rags
3,slippers
3,equipment
3,quantity
3,pay
3,stroke
3,stirred
3,collars
3,believed
3,beds
3,precious
3,somehow
3,learn
3,marriage
3,conveyed
3,liability
3,honour
3,listen
3,benevolence
3,anywhere
3,beggars
3,warranties
3,knowing
3,threshold
3,box
3,royalty
3,needle
3,catch
3,pavement
3,clash
3,shutters
3,plates
3,mighty
3,setting
3,surplus
3,parted
3,torn
3,warehouse
3,allowed
3,illustrations
3,wound
3,whoop
3,feast
3,bit
3,limitation
3,reply
3,alfred
3,jolly
3,lighter
3,mistletoe
3,shoes
3,endeavouring
3,apples
3,dare
3,grass
3,profit
3,alteration
3,dog
3,capacious
3,laughter
3,buff
3,silver
3,founder
3,loses
3,glow
3,lies
3,keenly
3,opportunities
3,restless
3,mention
3,dining
3,board
3,growing
3,worthy
3,sent
3,coal
3,laden
3,attached
3,chief
3,cellar
3,defective
3,brave
3,crutch
3,unaltered
3,sky
3,disclaimer
3,covered
3,possessed
3,u
3,ye
3,stay
3,inclined
3,ceiling
3,softly
3,speaker
3,b
3,express
3,talk
3,chimes
3,lips
3,relief
3,ball
3,praise
3,falling
3,younger
3,roared
3,meeting
3,drunken
3,files
3,law
3,pies
3,singing
3,funeral
3,forfeits
3,space
3,blindfold
3,haunted
3,sixpence
3,thoughtfully
3,allow
3,shone
3,smoked
3,summer
3,nine
3,terrible
3,described
3,awful
3,range
3,prisons
3,appearance
3,7
3,kinds
3,age
3,permitted
3,spite
3,glad
3,slowly
3,admiration
3,notice
3,grocers
3,senses
3,smile
3,carts
3,intent
3,number
3,cloth
3,become
3,blindman
3,mark
3,cheap
3,act
3,official
3,dinners
3,thawed
3,homes
3,desk
3,clapping
3,brow
3,raising
3,group
3,worse
3,fact
3,deal
3,added
3,receipt
3,led
3,gaily
3,page
3,gentle
3,wealth
3,frightful
2,doing
2,hat
2,draw
2,genial
2,winking
2,ten
2,hollow
2,outset
2,son
2,seems
2,beaming
2,rude
2,line
2,cross
2,seized
2,beware
2,ringing
2,attractive
2,protect
2,piping
2,tree
2,rain
2,eleven
2,loose
2,surrounded
2,merriment
2,offences
2,worked
2,wintry
2,mince
2,previous
2,sense
2,distinct
2,empty
2,streamed
2,prize
2,blankets
2,extent
2,artful
2,smart
2,desired
2,predicted
2,bakers
2,becoming
2,restored
2,unquestionably
2,dwelling
2,intellectual
2,brisk
2,heaped
2,peck
2,computers
2,lifting
2,torture
2,puddings
2,consequence
2,catching
2,rusty
2,wrinkle
2,passing
2,dogs
2,volunteer
2,scattered
2,hinges
2,upper
2,moor
2,shillings
2,guard
2,ought
2,solicit
2,heavenly
2,plunged
2,incessant
2,ferocious
2,ivy
2,federal
2,physical
2,eighteen
2,sausages
2,effect
2,electronically
2,hoped
2,smooth
2,spoons
2,borne
2,generations
2,unlike
2,yonder
2,fro
2,partners
2,driving
2,floated
2,sufficient
2,link
2,exhausted
2,display
2,does
2,particularly
2,behold
2,expressed
2,knife
2,accepted
2,biting
2,special
2,language
2,universal
2,stirring
2,caring
2,entering
2,move
2,ascii
2,expect
2,lonely
2,tall
2,alarming
2,registered
2,delicious
2,longer
2,series
2,phantoms
2,dry
2,address
2,easily
2,refuge
2,growl
2,endeavoured
2,kinder
2,sorrowful
2,wanted
2,clung
2,poverty
2,trifled
2,thankful
2,whispered
2,isbell
2,assist
2,poultry
2,sage
2,thanked
2,path
2,chose
2,pale
2,threadbare
2,90
2,gas
2,team
2,heaps
2,widest
2,memory
2,odious
2,discovered
2,dusky
2,screw
2,prepare
2,wet
2,concealed
2,wicked
2,fuel
2,20
2,pleaded
2,accustomed
2,separate
2,bowels
2,reached
2,later
2,subjects
2,forty
2,letters
2,watched
2,irresistible
2,sticking
2,wild
2,suddenly
2,idol
2,buttons
2,abroad
2,based
2,lads
2,gloomy
2,faintly
2,n
2,helped
2,growth
2,formats
2,rolling
2,excrescence
2,startled
2,various
2,simple
2,drop
2,concept
2,west
2,locations
2,seventh
2,employees
2,facetious
2,thousand
2,readable
2,greatly
2,exempt
2,brawn
2,wheels
2,breathless
2,created
2,contributions
2,forgive
2,tremulous
2,splitting
2,downward
2,narrow
2,cravat
2,pooh
2,warranty
2,shirt
2,send
2,rough
2,kissing
2,hungry
2,forms
2,gleaming
2,garments
2,echoed
2,strike
2,sped
2,copper
2,uncommon
2,phenomenon
2,retire
2,reverently
2,poorly
2,entreaty
2,specified
2,descending
2,meagre
2,clapped
2,built
2,fellows
2,travelling
2,satisfied
2,ship
2,stuck
2,whither
2,dispelled
2,wiser
2,dying
2,contain
2,places
2,echoes
2,ribbons
2,dreary
2,flavour
2,worn
2,foul
2,continued
2,chattering
2,cooking
2,bah
2,frightened
2,washing
2,market
2,onion
2,approached
2,infection
2,shining
2,able
2,folds
2,hinted
2,credentials
2,amongst
2,begun
2,usually
2,hasn
2,liberality
2,obedience
2,greatest
2,punch
2,matters
2,tail
2,lane
2,suspected
2,sounds
2,shore
2,praised
2,obtaining
2,glance
2,blew
2,rigid
2,wandering
2,mashed
2,parrot
2,salary
2,begin
2,irresistibly
2,evil
2,immense
2,horrible
2,supposition
2,bent
2,otherwise
2,ourselves
2,seaweed
2,keys
2,happier
2,sofa
2,eaten
2,net
2,hooded
2,crisp
2,correct
2,pity
2,elder
2,teach
2,secrets
2,judgment
2,credulity
2,industry
2,intently
2,hilli
2,array
2,lightly
2,globe
2,tassels
2,neighbouring
2,grateful
2,barred
2,overrun
2,seasonable
2,confess
2,warn
2,decrease
2,mossy
2,early
2,false
2,damaged
2,smaller
2,amends
2,lemons
2,deny
2,tucker
2,provision
2,bedroom
2,sensation
2,subject
2,presented
2,step
2,intercourse
2,workhouses
2,sorts
2,centre
2,ass
2,yield
2,fruits
2,shoulder
2,jason
2,lines
2,eight
2,nipped
2,dragging
2,caused
2,excited
2,delighted
2,dismiss
2,regarded
2,royalties
2,try
2,flaring
2,beginning
2,hurrah
2,shrunk
2,liable
2,beautiful
2,st
2,harmless
2,labour
2,unhappy
2,passengers
2,figures
2,moaning
2,dealing
2,latent
2,necessary
2,concerning
2,truly
2,features
2,hidden
2,bred
2,courses
2,mansion
2,tasted
2,ridiculous
2,mildly
2,loud
2,sleeve
2,card
2,brood
2,sugar
2,persons
2,shutting
2,lofty
2,pgdp
2,strive
2,pathos
2,turkeys
2,snuff
2,fastened
2,unbroken
2,dingy
2,dense
2,kitchens
2,temper
2,dim
2,neglected
2,woe
2,fields
2,benefit
2,anxious
2,sank
2,volume
2,merrier
2,mistress
2,interfere
2,snug
2,wholly
2,adjusted
2,rejoiced
2,immortal
2,lieu
2,dreaded
2,corporation
2,apparition
2,foot
2,cake
2,gnawed
2,punishment
2,birds
2,hart
2,appetite
2,force
2,pray
2,stuff
2,redistributing
2,flew
2,beef
2,considerable
2,foggy
2,faced
2,enjoyed
2,destroy
2,eyebrows
2,pressed
2,overcome
2,eh
2,hammer
2,engaged
2,motion
2,plundered
2,derived
2,shan
2,trying
2,masses
2,teeth
2,pot
2,released
2,references
2,parliament
2,blithe
2,cracked
2,turns
2,camden
2,twelfth
2,guests
2,ghosts
2,fit
2,visit
2,gladly
2,altered
2,action
2,upside
2,sauce
2,hearse
2,expectation
2,dears
2,offer
2,robert
2,cab
2,promoting
2,travel
2,excitement
2,rate
2,stones
2,steam
2,wrapper
2,delightful
2,rules
2,london
2,sympathy
2,implied
2,extraordinary
2,chambers
2,conversation
2,eager
2,linked
2,principle
2,conducted
2,bargain
2,roast
2,visited
2,claw
2,atmosphere
2,swallowed
2,swept
2,understood
2,graceful
2,greet
2,fetch
2,shrivelled
2,girded
2,notion
2,sheet
2,motionless
2,note
2,geese
2,rocks
2,during
2,steel
2,bow
2,lives
2,required
2,grief
2,total
2,order
2,groups
2,convinced
2,thou
2,bestow
2,consciousness
2,hole
2,furrows
2,updated
2,contract
2,conducting
2,michael
2,directly
2,feather
2,saying
2,key
2,tenderness
2,expenses
2,eagerness
2,heated
2,plaster
2,quickly
2,printed
2,unconsciously
2,natured
2,dislike
2,stair
2,undertaker
2,damage
2,drank
2,hadn
2,odds
2,guess
2,weight
2,computer
2,cheer
2,oysters
2,english
2,walks
2,blank
2,juicy
2,kindly
2,cat
2,happen
2,firm
2,outer
2,ladies
2,roaring
2,gracefully
2,undergone
2,detach
2,sensible
2,shame
2,beheld
2,yo
2,clutching
2,ruler
2,comprehensive
2,whatsoever
2,shot
2,reaching
2,pears
2,scales
2,restrictions
2,fur
2,housekeepers
2,big
2,pleased
2,sprinklings
2,burst
2,expecting
2,cares
2,nuts
2,asleep
2,quality
2,clouds
2,scraping
2,hearing
2,dances
2,population
2,mounting
2,signs
2,dropped
2,awoke
2,owns
2,heavily
2,scrambled
2,portly
2,knocked
2,idle
2,ear
2,caricature
2,heavier
2,melted
2,sticks
2,costs
2,forehead
2,footstool
2,occasion
2,inexpressibly
2,satisfactory
2,doors
2,recollection
2,sentence
2,legal
2,bedpost
2,laying
2,dreamed
2,welfare
2,tumbling
2,outstretched
2,501
2,appear
2,paused
2,importance
2,vanilla
2,available
2,bandage
2,research
2,lumber
2,faltered
2,grey
2,spectral
2,opening
2,pigs
2,displaced
2,check
2,peeping
2,kindness
2,sidled
2,extremely
2,share
2,mouths
2,illustrator
2,examined
2,charitable
2,toast
2,condition
2,observe
2,attendant
2,moments
2,holiday
2,gasping
2,accordance
2,journeys
2,building
2,leaving
2,cock
2,parties
2,lunch
2,naked
2,hours
2,flushed
2,burial
2,humility
2,mentioned
2,essence
2,steadiness
2,holidays
2,proofreading
2,splendid
2,rod
2,aim
2,success
2,supposed
2,habit
2,gain
2,visitor
2,fan
2,forget
2,mourner
2,doubts
2,scanty
2,boxes
2,forgetting
2,committed
2,gratitude
2,dutch
2,porter
2,interpretations
2,horses
2,mayor
2,schoolmaster
2,ensued
2,heat
2,agitated
2,frozen
2,render
2,shaving
2,caroline
2,disclosed
2,trade
2,problem
2,period
2,spanish
2,closet
2,nightcap
2,beings
2,redistribution
2,ankle
2,livid
2,justified
2,dr
2,aged
2,apple
2,questioned
2,increasing
2,assembled
2,poulterers
2,wrote
2,file
2,serious
2,stations
2,underwent
2,main
2,earnest
2,copied
2,smiling
2,bowl
2,mud
2,pretending
2,wise
2,thousands
2,convenient
2,crying
2,shade
2,joy
2,tarry
2,prominently
2,claim
2,named
2,briskly
2,attention
2,quick
2,elbow
2,removed
2,blazing
2,sounded
2,indignantly
2,waves
2,takes
2,undisturbed
2,talked
2,rings
2,oven
2,earnestness
2,lace
2,leaning
2,pounds
2,gravy
2,handle
2,6
2,avarice
2,departed
2,disturbed
2,vibrate
2,poulterer
2,shovel
2,types
2,consent
2,suffer
1,distinctness
1,hail
1,gruff
1,checks
1,esteem
1,sends
1,admitted
1,gale
1,exposed
1,glancing
1,holes
1,linen
1,undermine
1,developed
1,retentive
1,custard
1,garret
1,proceedings
1,pile
1,rolled
1,beseech
1,repose
1,undoubted
1,genius
1,riddles
1,preserve
1,peal
1,indescribable
1,treatment
1,frank
1,shreds
1,incoherent
1,spend
1,suffers
1,improved
1,joyful
1,mirrors
1,package
1,contracted
1,improve
1,stake
1,51
1,papers
1,laoco
1,cultivate
1,mused
1,occur
1,lustiest
1,hamlet
1,slide
1,orders
1,maclise
1,wailings
1,statues
1,gives
1,control
1,shouts
1,resolutions
1,highest
1,wooden
1,withdraw
1,merciless
1,rarest
1,spent
1,surface
1,likewise
1,interrupted
1,innumerable
1,instance
1,brightest
1,popularity
1,dowerless
1,wrestled
1,waters
1,rise
1,guessed
1,selfishness
1,ful
1,foldings
1,serve
1,hurrying
1,thirsty
1,secured
1,foretold
1,pimple
1,taxes
1,proffering
1,awhile
1,graves
1,mice
1,mustard
1,tumultuous
1,squab
1,months
1,narrowest
1,quake
1,burnt
1,tiptoe
1,rustlings
1,unanimity
1,gait
1,mingle
1,lusty
1,chapel
1,labourers
1,furnished
1,dip
1,indemnity
1,fezziwigs
1,announcement
1,pictorial
1,flannel
1,declension
1,sides
1,preparations
1,rallied
1,21
1,venturing
1,shouldn
1,visitation
1,kick
1,jack
1,practice
1,cousins
1,escape
1,enthroned
1,booming
1,richer
1,internal
1,energy
1,core
1,unwatched
1,hushed
1,grate
1,dig
1,extremity
1,gift
1,york
1,giant
1,milliner
1,fork
1,hooks
1,heartier
1,sigh
1,shrewdly
1,stretching
1,pride
1,offers
1,2001
1,doubting
1,fifth
1,famous
1,wisdom
1,points
1,glittered
1,tends
1,explain
1,fragrance
1,perspiration
1,disagreeable
1,particles
1,haired
1,feathered
1,checked
1,sung
1,laths
1,specific
1,alleys
1,cheerfully
1,unseen
1,plead
1,acquainted
1,lowering
1,identify
1,tendency
1,4557
1,letting
1,sealing
1,shoe
1,refuse
1,poured
1,negative
1,lessons
1,flight
1,darting
1,waterproof
1,donors
1,substituted
1,clasping
1,destitute
1,custom
1,wherein
1,quickening
1,abed
1,persecuted
1,resistance
1,wonderfully
1,veneration
1,meditation
1,trifle
1,searching
1,sputtered
1,globes
1,pawn
1,additions
1,uproarious
1,vibrations
1,regulating
1,congenial
1,extinguished
1,lake
1,frowning
1,merged
1,discontinue
1,fatigues
1,prodigiously
1,belle
1,maximum
1,noble
1,tumbled
1,bigotry
1,meanwhile
1,confidential
1,hoop
1,jest
1,clothed
1,dirt
1,disgorged
1,creditor
1,practically
1,protruding
1,author
1,broker
1,guilty
1,grinning
1,furze
1,slyness
1,atom
1,breasts
1,dominion
1,accessible
1,viewing
1,infant
1,anyway
1,icicle
1,coaches
1,approving
1,dismayed
1,pleasantry
1,tripped
1,comedy
1,reflected
1,metal
1,grasp
1,positive
1,panelling
1,barren
1,resolute
1,bitter
1,condescension
1,hurts
1,tells
1,directions
1,solution
1,brandy
1,penetrated
1,vein
1,communicated
1,fix
1,merriest
1,tatters
1,bachelor
1,processing
1,personal
1,prentice
1,dirge
1,qualities
1,understanding
1,wearing
1,paces
1,gross
1,hardships
1,decayed
1,tickled
1,wink
1,forgiving
1,cheerfulness
1,attended
1,remonstrated
1,ray
1,apparel
1,dirtier
1,kin
1,wits
1,yearned
1,ramparts
1,friday
1,redistribute
1,astonish
1,subscribe
1,cannon
1,salt
1,feebly
1,grouped
1,repent
1,thrilled
1,notifies
1,applied
1,fundraising
1,softening
1,tuned
1,alike
1,wheel
1,borough
1,retirement
1,balustrades
1,sleet
1,disdaining
1,adversary
1,veins
1,remaining
1,transports
1,experience
1,rime
1,chink
1,sheds
1,desirable
1,bags
1,depressed
1,rejoices
1,demons
1,boyhood
1,de
1,assembling
1,morose
1,unfastened
1,objections
1,deadest
1,commercial
1,palm
1,storehouse
1,attentively
1,encouraged
1,muscular
1,solemnised
1,801
1,butlers
1,branched
1,fringe
1,equal
1,calm
1,butter
1,pendulous
1,finds
1,production
1,possibility
1,tower
1,decide
1,crowds
1,disclaimers
1,stretched
1,width
1,degrees
1,methods
1,2009
1,blame
1,confused
1,dissolving
1,bowls
1,towels
1,bills
1,covering
1,lose
1,stiffened
1,version
1,capable
1,oge
1,grog
1,wasting
1,housemaid
1,knot
1,fined
1,lobster
1,neighbour
1,groom
1,grunted
1,desert
1,turnings
1,direction
1,combined
1,quartern
1,downloading
1,judged
1,roller
1,gladsome
1,frying
1,spices
1,proprietary
1,contented
1,apprenticed
1,aunts
1,presents
1,sultan
1,sobbed
1,blinds
1,officers
1,grindstone
1,talking
1,sad
1,plunder
1,john
1,officious
1,identification
1,replenish
1,recognition
1,eked
1,dwellings
1,sorrow
1,errors
1,powerful
1,gaol
1,imploringly
1,ward
1,ak
1,disorder
1,boisterous
1,wreaths
1,hood
1,director
1,solicitation
1,tended
1,reconciled
1,lolling
1,strangers
1,confidence
1,regard
1,profited
1,luxury
1,gets
1,intricate
1,characterisation
1,decked
1,tremendously
1,diverted
1,mystery
1,corroborated
1,single
1,decanter
1,relaxed
1,1905
1,bellied
1,dimly
1,bitterer
1,disturb
1,movable
1,furnish
1,noisily
1,reclamation
1,finishes
1,periodic
1,juggling
1,utmost
1,inasmuch
1,furniture
1,abels
1,month
1,snowing
1,porch
1,veriest
1,procuring
1,raked
1,trotting
1,backward
1,chirrup
1,doorway
1,marketing
1,whitechapel
1,library
1,non
1,cover
1,deference
1,movements
1,hypertext
1,scriptures
1,roger
1,outward
1,roofs
1,singular
1,intense
1,stale
1,calculated
1,doings
1,taught
1,elect
1,pleasantest
1,disease
1,originator
1,almonds
1,undergoing
1,fought
1,comic
1,belonged
1,weekly
1,merchants
1,miscellaneous
1,stomach
1,facility
1,resource
1,swung
1,dealings
1,caleb
1,seldom
1,useless
1,revelled
1,numbers
1,welsh
1,distinguish
1,devote
1,prediction
1,fraught
1,bang
1,captive
1,silently
1,11
1,higher
1,adamant
1,accusatory
1,gothic
1,susceptible
1,govern
1,speech
1,smoking
1,offal
1,agent
1,outpouring
1,courts
1,judges
1,distress
1,pinned
1,musical
1,paul
1,especial
1,silly
1,scant
1,brimful
1,doze
1,weigh
1,prohibition
1,interpreted
1,platt
1,slily
1,tights
1,shaped
1,fashioned
1,north
1,steps
1,queens
1,penny
1,deafened
1,channels
1,strain
1,affects
1,evenings
1,wheezing
1,cosy
1,posts
1,angelic
1,altar
1,disjointed
1,income
1,malady
1,regions
1,matron
1,dust
1,exists
1,cash
1,forward
1,charity
1,witness
1,noises
1,heir
1,fluttered
1,base
1,despite
1,virus
1,invalidity
1,exclusive
1,professes
1,deletions
1,plug
1,diffuse
1,mood
1,undo
1,witnesses
1,gin
1,fancy
1,piling
1,flesh
1,coolly
1,mysteries
1,executive
1,preposterous
1,hundred
1,addresses
1,bristling
1,piano
1,resounded
1,upheld
1,travellers
1,urgently
1,questions
1,sphere
1,deliberating
1,grating
1,joining
1,resorts
1,tiger
1,underneath
1,pardon
1,miller
1,noon
1,arrived
1,murmur
1,sunk
1,rust
1,affability
1,drowsiness
1,cuff
1,confirmed
1,cooked
1,warming
1,cloud
1,bishop
1,sobbing
1,applauded
1,bustle
1,sternly
1,curtsy
1,gloves
1,disposed
1,oyster
1,paved
1,shroud
1,item
1,similarly
1,opportunity
1,unable
1,halves
1,warded
1,indirect
1,merchantibility
1,stomachaches
1,staircase
1,yawn
1,search
1,bridge
1,measuring
1,ruin
1,shaggy
1,shilling
1,evermore
1,entirely
1,carving
1,suspicious
1,shovelling
1,revealed
1,indemnify
1,seize
1,attire
1,extravagant
1,exclusion
1,detained
1,fisted
1,sucking
1,conspicuous
1,chalked
1,repute
1,foremost
1,trust
1,execrable
1,regularly
1,maps
1,ease
1,bending
1,introduction
1,sleeping
1,competent
1,speckled
1,breadth
1,abyss
1,overflowings
1,reports
1,formed
1,resurrection
1,smoky
1,j
1,objected
1,trace
1,darkest
1,identity
1,perversion
1,sewing
1,plume
1,trivial
1,tunes
1,wilkins
1,sharing
1,stuffing
1,roved
1,indicate
1,blacker
1,flocking
1,plumping
1,tiles
1,tread
1,divert
1,process
1,calculate
1,tongs
1,loosely
1,jaw
1,agitation
1,embarrassing
1,farthing
1,lasted
1,purest
1,image
1,accepting
1,prime
1,wealthy
1,opaque
1,predicament
1,actual
1,caked
1,river
1,glory
1,tap
1,legatee
1,disgust
1,impatiently
1,conversations
1,accept
1,rare
1,boughs
1,abstinence
1,illustrate
1,relentless
1,hopeful
1,artifice
1,reappearance
1,fairbanks
1,demeanour
1,unmoved
1,moist
1,38
1,cow
1,glisten
1,hastened
1,sacred
1,realist
1,jefferson
1,strife
1,awkwardly
1,hustled
1,bearing
1,feign
1,run
1,inquiry
1,stingy
1,merciful
1,print
1,sentiment
1,6221541
1,worlds
1,helmsman
1,emotions
1,result
1,recognised
1,laboured
1,issued
1,clucked
1,uncared
1,origin
1,stove
1,menacing
1,somewhere
1,accommodate
1,hummed
1,scuttle
1,stables
1,midnight
1,happiest
1,purchases
1,killed
1,petrifaction
1,wing
1,odours
1,irrepressible
1,stated
1,tune
1,sailing
1,purses
1,entry
1,000
1,silent
1,cook
1,battled
1,spared
1,horrors
1,security
1,goblins
1,compressed
1,nameless
1,doom
1,contained
1,living
1,synonymous
1,freezing
1,task
1,thine
1,newspapers
1,surviving
1,bricks
1,behindhand
1,bordered
1,gates
1,storm
1,missile
1,sunniest
1,source
1,pulpy
1,actions
1,dusty
1,flint
1,speaking
1,crossing
1,thickened
1,faith
1,awake
1,exalted
1,games
1,scents
1,spotted
1,snowball
1,fiercely
1,win
1,saturdays
1,impression
1,silken
1,served
1,folding
1,stagnant
1,paperwork
1,modest
1,presenting
1,professor
1,designed
1,dive
1,adjoining
1,deserted
1,streak
1,bedight
1,defy
1,infinitely
1,halloo
1,giants
1,operation
1,development
1,kith
1,sparkling
1,sullen
1,sheen
1,producing
1,peculiar
1,impropriety
1,waistcoats
1,consequently
1,booted
1,irs
1,dimpled
1,discover
1,host
1,contrasting
1,bygone
1,folks
1,gallantly
1,shawl
1,burdensome
1,privations
1,elsewhere
1,unenforceability
1,cant
1,anxiously
1,lands
1,waggish
1,boasted
1,renamed
1,climate
1,dwarfish
1,aprons
1,leaf
1,shopkeepers
1,ignorance
1,request
1,appealing
1,ache
1,burning
1,bunches
1,incense
1,iv
1,assistance
1,wicker
1,oily
1,blessings
1,beckoned
1,chilling
1,observable
1,expense
1,labours
1,prophet
1,innocent
1,charged
1,grope
1,unusual
1,fettered
1,tops
1,difficult
1,answering
1,carriages
1,repress
1,grove
1,marrow
1,prayer
1,heaving
1,fruit
1,scabbard
1,den
1,toil
1,spade
1,smears
1,delicate
1,accessed
1,recognise
1,horn
1,indoors
1,solitude
1,miserable
1,britain
1,toys
1,doubtfully
1,pageant
1,wolfish
1,knelt
1,swamp
1,joints
1,blot
1,recalling
1,plummer
1,coverley
1,scuffle
1,demurely
1,fearful
1,pan
1,financial
1,buck
1,swiftly
1,affection
1,spoon
1,cautiously
1,abrahams
1,compactness
1,resolution
1,escorted
1,terrors
1,sprigs
1,spare
1,gravely
1,longed
1,bowed
1,machine
1,fled
1,76
1,jokes
1,acted
1,secure
1,60
1,lustily
1,wash
1,spontaneous
1,curiosity
1,barer
1,dotting
1,thundering
1,inquire
1,assisted
1,dragged
1,tartness
1,frontispiece
1,alphabet
1,themes
1,dirty
1,preserved
1,consistent
1,cheats
1,deftly
1,whomsoever
1,broadwise
1,whoever
1,charm
1,ironed
1,596
1,remark
1,reality
1,ungrateful
1,original
1,reversed
1,devils
1,outcast
1,exchanging
1,brighter
1,stately
1,heightened
1,bottom
1,wishing
1,parcels
1,cheeked
1,illustrated
1,cheapness
1,swarthy
1,frame
1,beseeching
1,feared
1,stolen
1,rub
1,snore
1,enormous
1,driven
1,referring
1,moral
1,padlocks
1,weeds
1,capital
1,forbear
1,owners
1,luscious
1,drawing
1,griping
1,calves
1,proclaimed
1,undressing
1,savour
1,tacitly
1,brooch
1,arose
1,homage
1,badly
1,balancing
1,stroll
1,ogre
1,scale
1,hideously
1,bird
1,manslaughter
1,darker
1,fathers
1,impenetrable
1,expending
1,ladders
1,tumult
1,wildly
1,32
1,plaintive
1,watch
1,countries
1,briefly
1,employed
1,drip
1,confirmation
1,watered
1,inaudible
1,front
1,stiff
1,slept
1,determine
1,unanimously
1,province
1,uglier
1,infamous
1,remained
1,advantage
1,fain
1,strict
1,considered
1,pocketed
1,repeat
1,appears
1,quoted
1,unavailing
1,stature
1,indicting
1,prisoner
1,orchestra
1,tug
1,basin
1,plunge
1,brings
1,handful
1,granted
1,twine
1,legally
1,exaggerated
1,agonised
1,comforts
1,staggered
1,rhinoceros
1,thermometer
1,services
1,speed
1,aldermen
1,speakers
1,successor
1,dot
1,void
1,caverns
1,statements
1,interesting
1,roses
1,shortest
1,weights
1,outrage
1,willingly
1,withdrew
1,pelting
1,evergreens
1,newsletter
1,ruthlessly
1,league
1,clever
1,homeward
1,recumbent
1,doorstep
1,domestic
1,youngest
1,accuracy
1,roads
1,bloom
1,emerged
1,downcast
1,bone
1,pushing
1,reported
1,ein
1,adjustment
1,apparently
1,quest
1,hideous
1,leading
1,rats
1,candied
1,needs
1,emphatically
1,dwindled
1,mistaken
1,unwept
1,bestowed
1,blithest
1,introduce
1,produce
1,struggled
1,arrival
1,churchyard
1,coil
1,thank
1,pursuit
1,beaten
1,depths
1,apprentice
1,thinks
1,cracking
1,timidly
1,subsequently
1,whims
1,simile
1,stories
1,cains
1,winded
1,1500
1,perish
1,established
1,conferred
1,er
1,cellars
1,dismay
1,clap
1,sordid
1,supported
1,onions
1,ages
1,polished
1,contrary
1,savage
1,lighthouse
1,splinter
1,transition
1,punitive
1,poetically
1,dish
1,multitudes
1,wept
1,issue
1,noticed
1,scarred
1,matched
1,uncles
1,skin
1,term
1,archways
1,island
1,peeled
1,incredulous
1,hut
1,doomed
1,36
1,collar
1,rank
1,valentine
1,current
1,corpse
1,dashed
1,grows
1,noisy
1,factious
1,useful
1,frouzy
1,dreaming
1,involuntarily
1,lookers
1,inches
1,ensuring
1,grasping
1,wanton
1,block
1,justice
1,deserves
1,plum
1,sums
1,mad
1,blue
1,thin
1,backs
1,companion
1,farther
1,mouldy
1,farmers
1,nails
1,ancestors
1,forced
1,drawers
1,gush
1,eliminate
1,basking
1,shouting
1,dealt
1,skipping
1,everywhere
1,organized
1,dialogue
1,slunk
1,pinched
1,gateway
1,beer
1,herself
1,brick
1,insisted
1,finish
1,despondent
1,joyously
1,welcome
1,recompensed
1,jostled
1,agreeable
1,mistakes
1,dogged
1,revenue
1,gathered
1,sharpest
1,followers
1,charges
1,submissively
1,informs
1,festive
1,slower
1,legion
1,gnawing
1,parks
1,rubbing
1,names
1,shouted
1,powerless
1,tunic
1,rashly
1,thunder
1,pities
1,portion
1,dishes
1,bran
1,indicating
1,cripple
1,poplar
1,achieved
1,scro
1,brilliant
1,faltering
1,presentation
1,proofread
1,twopence
1,sow
1,discuss
1,flour
1,cultivated
1,battle
1,walled
1,branch
1,carelessly
1,shudder
1,grieved
1,permanent
1,memorable
1,awaking
1,intention
1,64
1,ii
1,thaw
1,giddy
1,exactly
1,vestige
1,reproach
1,waning
1,staff
1,capacity
1,bottles
1,pent
1,wrung
1,relenting
1,dangle
1,occupation
1,heaviest
1,proportions
1,changing
1,infringement
1,lashes
1,thread
1,courage
1,wings
1,coats
1,eternity
1,crackled
1,pick
1,howling
1,instantaneous
1,fatness
1,squeak
1,unearthly
1,doll
1,pondering
1,despairingly
1,plentiful
1,26
1,faint
1,maintaining
1,appalled
1,affectionate
1,land
1,nonproprietary
1,modified
1,unknown
1,fully
1,spot
1,indirectly
1,edge
1,alarm
1,deceased
1,ocean
1,dispatched
1,charmingly
1,appraised
1,bounds
1,repentance
1,recover
1,gaps
1,cheery
1,painted
1,unconscious
1,chime
1,hark
1,announced
1,corrupt
1,exaggeration
1,obscuring
1,brazier
1,fund
1,relents
1,belief
1,enshrouded
1,misses
1,spark
1,genii
1,deprive
1,dash
1,calendar
1,displayed
1,seals
1,warranted
1,palpable
1,root
1,sees
1,50
1,veil
1,halloa
1,nice
1,hint
1,dreadfully
1,boarding
1,hats
1,obscene
1,assigned
1,gratefully
1,lateness
1,fixedly
1,engrosses
1,suitable
1,lustrous
1,performed
1,convert
1,livery
1,swing
1,overheard
1,fruiterers
1,slander
1,gatherings
1,listeners
1,poked
1,desks
1,sinner
1,grade
1,heap
1,triumphantly
1,proudly
1,bottle
1,piles
1,ut
1,condemned
1,steeped
1,swoon
1,terrestrial
1,gayest
1,tracing
1,seal
1,excellent
1,lunatic
1,rush
1,wringing
1,folded
1,millions
1,nowhere
1,besides
1,position
1,roar
1,grosser
1,der
1,afford
1,educational
1,chilly
1,agility
1,bedlam
1,drawings
1,friendly
1,imposed
1,watches
1,haggard
1,liberal
1,mixture
1,spray
1,1887
1,stages
1,hardily
1,provisions
1,louder
1,pencil
1,duller
1,goals
1,feels
1,careworn
1,feeble
1,temperature
1,condemn
1,character
1,screaming
1,envy
1,locomotive
1,roomed
1,809
1,wherefore
1,tut
1,pelt
1,obscure
1,spur
1,expectant
1,principal
1,curtaining
1,handsomely
1,haunt
1,cherry
1,embrace
1,prentices
1,example
1,losing
1,panting
1,recognising
1,dies
1,appropriate
1,toss
1,twisted
1,write
1,blooded
1,reeked
1,fortunes
1,constant
1,unseemly
1,bought
1,wherever
1,surprising
1,witches
1,containing
1,artist
1,ve
1,misanthropic
1,substantial
1,union
1,numerous
1,shriek
1,escaping
1,interpret
1,utterance
1,wordy
1,promotion
1,advance
1,button
1,hospital
1,brigands
1,important
1,field
1,beguiled
1,stretch
1,congealed
1,shower
1,abundance
1,blessing
1,ate
1,daylight
1,magnitude
1,adapted
1,repleted
1,heeded
1,ashamed
1,prostrate
1,seething
1,kenned
1,occurred
1,replace
1,likeness
1,pages
1,french
1,abide
1,disused
1,conflict
1,buttoning
1,wilfully
1,pummel
1,lightest
1,shadowing
1,mulled
1,remedies
1,pastrycook
1,waxy
1,charwoman
1,defenceless
1,behave
1,zip
1,hither
1,pattern
1,violent
1,besought
1,unlink
1,waggons
1,fondly
1,arise
1,parapets
1,hurry
1,sharper
1,sale
1,incomplete
1,convenience
1,organ
1,shuffled
1,recrossed
1,rail
1,distinctly
1,kindnesses
1,nuisance
1,respect
1,countess
1,harp
1,repairing
1,residence
1,learned
1,soft
1,wiry
1,boast
1,stony
1,gbnewby
1,scowling
1,transferred
1,returns
1,unlikely
1,ledgers
1,pipes
1,shrouded
1,gratis
1,reference
1,clearest
1,parlours
1,frowned
1,nevertheless
1,sold
1,sweep
1,gigs
1,tints
1,breezy
1,stronger
1,cinnamon
1,related
1,mislaying
1,altogether
1,sunken
1,suite
1,guiding
1,forged
1,knee
1,leaping
1,sick
1,shuddering
1,squeeze
1,transcribe
1,suburbs
1,remarkably
1,clue
1,charities
1,plums
1,leech
1,rapidity
1,wag
1,luxurious
1,tremendous
1,moons
1,lot
1,rampant
1,goodness
1,tile
1,laughs
1,extract
1,roll
1,danced
1,grouping
1,skies
1,gigantic
1,reasonable
1,cuffs
1,inexorable
1,flickering
1,combustion
1,sin
1,pg
1,darned
1,kindred
1,lanes
1,occupies
1,naturally
1,customers
1,orson
1,forbid
1,casks
1,loss
1,drunk
1,choosing
1,infancy
1,feint
1,rebuke
1,consequential
1,phases
1,fetched
1,assured
1,disinterested
1,ruined
1,scorning
1,crashing
1,fitness
1,unfeeling
1,transcription
1,precepts
1,taylor
1,affront
1,piteously
1,remains
1,highly
1,ferret
1,addition
1,aromatic
1,elbows
1,couples
1,echo
1,throne
1,taller
1,dessert
1,beetling
1,crime
1,skreeks
1,passions
1,charcoal
1,astonished
1,returning
1,sheath
1,bared
1,covetous
1,anonymous
1,larger
1,blunt
1,cling
1,extensive
1,prose
1,binary
1,survive
1,radiant
1,distributor
1,imagination
1,corrupted
1,harm
1,fathoms
1,foreshadow
1,vegetation
1,puts
1,wheresoever
1,intermediate
1,singularly
1,filth
1,condensed
1,apoplectic
1,regale
1,outdated
1,forbearance
1,sheets
1,flashed
1,safe
1,browed
1,blooming
1,monday
1,executor
1,emblem
1,comely
1,pleasantly
1,disclaimed
1,cease
1,wreath
1,packed
1,assign
1,lid
1,reddening
1,harsh
1,fool
1,knots
1,entreating
1,lame
1,usefulness
1,fronts
1,ominous
1,similar
1,grieve
1,stamp
1,sixty
1,codes
1,banker
1,stronghold
1,compulsion
1,clang
1,hug
1,repassed
1,strictly
1,travels
1,whereat
1,price
1,specks
1,elicited
1,dashing
1,licence
1,chosen
1,filberts
1,warmer
1,learnt
1,chuckled
1,doorways
1,severe
1,constantly
1,grocer
1,99712
1,mississippi
1,glistened
1,mantle
1,carrier
1,pillaged
1,herd
1,treasure
1,worth
1,ignited
1,mysterious
1,gills
1,detestation
1,overtake
1,formal
1,apprehensive
1,exporting
1,rapture
1,bonnet
1,defects
1,skater
1,flowers
1,eating
1,irresolution
1,skimmed
1,extremes
1,individually
1,modification
1,reel
1,tails
1,penitence
1,goodly
1,drag
1,angel
1,blotch
1,hissing
1,platter
1,sexton
1,friars
1,spirited
1,paths
1,festivities
1,damascus
1,pleasanter
1,patience
1,agreed
1,provoking
1,international
1,pharaoh
1,cordially
1,midst
1,swinging
1,showing
1,generation
1,proposed
1,inspection
1,glued
1,bide
1,servant
1,gazed
1,include
1,circle
1,fluctuated
1,chatham
1,lest
1,apostles
1,crammed
1,swallow
1,roused
1,bothered
1,immovable
1,thoroughly
1,sponge
1,doubtless
1,limbs
1,breeches
1,absurd
1,appearances
1,satirical
1,oil
1,questioning
1,doyle
1,spacious
1,supplication
1,carrying
1,foggier
1,trimming
1,parts
1,cell
1,objects
1,ubiquitous
1,thither
1,crisis
1,sweetened
1,embarrassed
1,cooks
1,raisins
1,mountains
1,wasted
1,tender
1,adventure
1,post
1,leg
1,shine
1,investments
1,strength
1,list
1,stamping
1,storms
1,revered
1,satisfaction
1,ring
1,negus
1,dots
1,sallied
1,coffee
1,depend
1,improvement
1,removing
1,honoured
1,rubbed
1,twinkling
1,diminished
1,sword
1,conversed
1,antique
1,exchange
1,freer
1,wrenching
1,fill
1,snapped
1,untrue
1,grins
1,critical
1,prematurely
1,messengers
1,burying
1,sprung
1,boats
1,intentions
1,helping
1,consider
1,licensed
1,rejoined
1,sports
1,piercing
1,draped
1,screen
1,instalments
1,evidence
1,progress
1,rang
1,tumblers
1,feelings
1,consolation
1,compounded
1,transformation
1,tavern
1,eves
1,bilious
1,kept
1,stagger
1,require
1,beforehand
1,shabby
1,frail
1,picking
1,pursue
1,idealist
1,syllable
1,heresy
1,erect
1,trunk
1,jocund
1,bereft
1,haste
1,deductible
1,chirping
1,ponies
1,repeater
1,insect
1,ice
1,passage
1,data
1,loophole
1,direct
1,flood
1,chrysolite
1,lifetime
1,sturdy
1,wares
1,hey
1,procession
1,desolation
1,leafless
1,tricks
1,fancied
1,intimation
1,bolts
1,principles
1,shelves
1,underdone
1,jiffy
1,flaunting
1,14
1,admit
1,squeezing
1,failed
1,misused
1,sprinkled
1,sturdily
1,stockings
1,hoar
1,lamentation
1,receded
1,gregory
1,novel
1,apprentices
1,bag
1,ventured
1,pain
1,coffin
1,defiance
1,weary
1,f3
1,v
1,rascal
1,weakness
1,scrap
1,match
1,prayed
1,flat
1,chill
1,challenge
1,owed
1,barrels
1,method
1,personally
1,contents
1,pronounced
1,slightest
1,tailor
1,scores
1,heed
1,2006
1,unprofitable
1,shivering
1,trigger
1,peace
1,munifi
1,wages
1,dearly
1,floating
1,penance
1,beating
1,conference
1,shakespeare
1,greasy
1,poker
1,grapes
1,drying
1,tolled
1,powers
1,stopping
1,molten
1,desperate
1,daws
1,supposing
1,add
1,fools
1,december
1,reef
1,includes
1,pedestrian
1,thackeray
1,dusted
1,listed
1,reach
1,picture
1,flame
1,smelt
1,nay
1,moss
1,revolving
1,braided
1,shun
1,whistle
1,speedily
1,ponderous
1,inexplicable
1,distracting
1,swell
1,humanity
1,monsters
1,waking
1,sooty
1,crumb
1,requires
1,countenance
1,nobler
1,figs
1,vague
1,contradiction
1,pulling
1,disclaim
1,illustrious
1,repulsed
1,clanked
1,twisting
1,swan
1,calmly
1,singer
1,represented
1,waved
1,cousin
1,external
1,sprinkle
1,momentary
1,lettuce
1,dunstan
1,hugged
1,obsolete
1,employee
1,spoil
1,conducive
1,resisted
1,natural
1,subsided
1,frosty
1,blush
1,perplexed
1,treadmill
1,wrought
1,colder
1,involve
1,axe
1,postboy
1,lip
1,stem
1,bridle
1,couch
1,wisest
1,aught
1,stooped
1,youth
1,dismounted
1,pace
1,snuffed
1,ripe
1,greedy
1,bar
1,compound
1,implored
1,gladness
1,extravagance
1,patted
1,dancers
1,scatter
1,lately
1,private
1,slipshod
1,yawning
1,smothering
1,coarse
1,warned
1,national
1,administered
1,garden
1,floors
1,pitch
1,demand
1,bubbling
1,poem
1,september
1,inaccurate
1,prevent
1,waste
1,gainsay
1,command
1,grotesque
1,profits
1,sepulchres
1,rattled
1,compilation
1,vaguely
1,robinson
1,girthed
1,composed
1,shyly
1,descended
1,amazed
1,pierce
1,representations
1,earthly
1,barely
1,newby
1,likes
1,severally
1,news
1,retired
1,blended
1,comical
1,proud
1,characterization
1,steeples
1,seat
1,wax
1,trains
1,gains
1,gay
1,severity
1,scratch
1,bull
1,jet
1,zeal
1,americans
1,fowls
1,texture
1,grace
1,uncertain
1,carriers
1,fiery
1,receiving
1,irons
1,drove
1,forgiveness
1,straggling
1,shutter
1,stranger
1,authority
1,fictitious
1,cable
1,erased
1,lovable
1,sang
1,surveying
1,vision
1,froze
1,exceeded
1,hast
1,violates
1,obeyed
1,bonneted
1,passionless
1,connecting
1,title
1,unconstrained
1,confronting
1,pig
1,affairs
1,decides
1,dangling
1,humoured
1,choice
1,seated
1,caustic
1,lad
1,depends
1,wiped
1,opulence
1,miracle
1,plucked
1,baleful
1,wander
1,trial
1,carefully
1,incidental
1,necessaries
1,groped
1,donation
1,cakes
1,caricatures
1,belshazzars
1,shufflings
1,visits
1,tenderest
1,chorus
1,wood
1,ones
1,revellers
1,scrutinise
1,horny
1,crept
1,milkman
1,candles
1,visions
1,thoroughfares
1,alas
1,piled
1,loitered
1,sport
1,literally
1,expend
1,patting
1,glimpses
1,clocks
1,canisters
1,sections
1,wondering
1,cask
1,flung
1,corners
1,artificial
1,cared
1,mourning
1,mature
1,perform
1,unhallowed
1,bareness
1,ample
1,neither
1,keepsake
1,vapour
1,easterly
1,joseph
1,permit
1,brushed
1,drooping
1,january
1,letter
1,wig
1,contortions
1,bewildering
1,mirth
1,housetops
1,spectacles
1,curls
1,regarding
1,remorse
1,soften
1,cupola
1,pang
1,calico
1,mumbled
1,angels
1,joys
1,scaling
1,companions
1,biffins
1,impulse
1,trades
1,throughout
1,iced
1,mail
1,terrified
1,tolerably
1,attract
1,uncurtained
1,strikes
1,celebrated
1,strolled
1,chimneys
1,mankind
1,undigested
1,waiting
1,collapsed
1,agony
1,gallantry
1,observant
1,ministers
1,frisked
1,uniform
1,flowery
1,playing
1,star
1,delicately
1,limits
1,attired
1,ploughed
1,necessity
1,screened
1,hatred
1,intervention
1,vacant
1,cornhill
1,icy
1,rising
1,miners
1,afforded
1,panels
1,negligence
1,persevered
1,idiot
1,chafed
1,encompass
1,avoid
1,considering
1,uncomfortably
1,glimpse
1,crushed
1,unsolicited
1,winding
1,resorting
1,endeavour
1,profound
1,bumping
1,freshest
1,alternate
1,93
1,infernal
1,txt
1,surmounted
1,begins
1,performances
1,pinioned
1,creek
1,churches
1,hid
1,messenger
1,cramp
1,satire
1,worthless
1,loiter
1,delay
1,simmer
1,cork
1,reminded
1,linger
1,sheba
1,strutted
1,proved
1,credit
1,potato
1,disk
1,imperceptibly
1,damp
1,clicking
1,establishments
1,pressing
1,thirty
1,addressing
1,necessarily
1,menagerie
1,fancying
1,chaise
1,dismissed
1,decorated
1,gaze
1,quaint
1,hoarding
1,intelligent
1,bass
1,ironmongery
1,springing
1,bearers
1,atoms
1,raged
1,leaped
1,abject
1,ugly
1,recoiled
1,disappointed
1,stored
1,stir
1,multitude
1,tolls
1,pass
1,tied
1,loath
1,fragment
1,pictured
1,acquaintance
1,household
1,fed
1,lurked
1,peals
1,strait
1,coldest
1,iii
1,dumb
1,fallen
1,aspirations
1,covers
1,despoil
1,offend
1,crowded
1,vinegar
1,goblets
1,softened
1,heartiness
1,relate
1,cup
1,canst
1,30
1,outline
1,fond
1,drinks
1,mixed
1,insignificant
1,co
1,governments
1,clergyman
1,feature
1,fireside
1,leap
1,uneasy
1,earlier
1,clad
1,nick
1,violently
1,greetings
1,flutterings
1,toothpick
1,dainties
1,almshouse
1,edition
1,onward
1,residuary
1,unpleasant
1,celestial
1,pledged
1,spout
1,drops
1,truest
1,icicles
1,debt
1,obtained
1,variety
1,relinquished
1,kerchief
1,pronouncing
1,deposit
1,shivered
1,resort
1,contagious
1,enjoyment
1,jaws
1,norfolk
1,pyramids
1,intercedes
1,woods
1,consequences
1,boldly
1,break
1,register
1,weapons
1,abode
1,cesspools
1,withal
1,84116
1,melan
1,onslaught
1,incredible
1,fashionable
1,exulted
1,reads
1,clanking
1,vile
1,screws
1,appalling
1,lots
1,cheese
1,lean
1,chinked
1,administrator
1,brewing
1,princess
1,tough
1,writer
1,degradation
1,network
1,attach
1,seventy
1,derive
1,due
1,glided
1,withdrawing
1,inch
1,baking
